{
   "dashboards": [{
      "autoswitchDelay": 300,
      "autoswitchEnabled": false,
      "autoswitchTabId": "null",
      "columnCount": 1,
      "columnProportion": "1",
      "creationTime": 1572200341702,
      "dashboardNavigations": {},
      "description": "",
      "disabled": false,
      "gridsterMaxColumns": 12,
      "hidden": false,
      "homeTab": false,
      "id": "293c931e-c3cc-4da7-81e8-024276c1d5c9",
      "importAttempts": 0,
      "importComplete": true,
      "lastUpdateTime": 1591734114107,
      "lastUpdateUserId": "37275519-dcc9-47c7-b117-6dbbf4e623ef",
      "locked": false,
      "name": "Custom Dashboards/VMWare Datastore Latency",
      "namePath": "Custom Dashboards",
      "rank": 0,
      "shared": false,
      "states": [],
      "temporary": false,
      "userId": "37275519-dcc9-47c7-b117-6dbbf4e623ef",
      "widgetInteractions": [
         {
            "type": "resourceId",
            "widgetIdProvider": "3d3bb8b3-c9e2-4774-a6e8-c00d62adb314",
            "widgetIdReceiver": "640e0b76-f808-41a6-9ff8-f2c517995e72"
         },
         {
            "type": "resourceId",
            "widgetIdProvider": "cb4874f9-a538-4c88-b9d0-38c521142067",
            "widgetIdReceiver": "640e0b76-f808-41a6-9ff8-f2c517995e72"
         },
         {
            "type": "resourceId",
            "widgetIdProvider": "522ccd55-1b3c-45ff-abdc-3cb34a46b3ef",
            "widgetIdReceiver": "640e0b76-f808-41a6-9ff8-f2c517995e72"
         },
         {
            "type": "resourceId",
            "widgetIdProvider": "640e0b76-f808-41a6-9ff8-f2c517995e72",
            "widgetIdReceiver": "5b098b0d-5e99-4087-8579-1c021351fb73"
         }
      ],
      "widgets": [
         {
            "collapsed": false,
            "config": {
               "configs": [{
                  "attributeKind": {"value": ""},
                  "color": {"thresholds": {
                     "colors": [
                        "#00ff00",
                        "#888800",
                        "#ff0000"
                     ],
                     "values": [
                        0,
                        50,
                        100
                     ]
                  }},
                  "colorBy": {
                     "metricKey": "datastore|totalLatency_average",
                     "value": "Datastore|Total Latency (ms)"
                  },
                  "filterMode": "tagPicker",
                  "focusOnGroups": true,
                  "groupBy": {
                     "id": "004null002006VMWAREDatacenter",
                     "originalText": "Datacenter",
                     "parentId": "VMWARE",
                     "parentText": "vCenter Adapter",
                     "text": "Datacenter",
                     "type": "resourceKind",
                     "typeId": "resourceKind:id:0_::_"
                  },
                  "mode": {"mode": false},
                  "name": "Total Latency",
                  "relationalGrouping": false,
                  "resourceKind": "resourceKind:id:1_::_",
                  "sizeBy": {
                     "metricKey": "capacity|total_capacity",
                     "value": "Capacity|Total Capacity (GB)"
                  },
                  "solidColoring": false,
                  "tagFilter": null,
                  "thenBy": null
               }],
               "depth": 10,
               "mode": "all",
               "refreshContent": {"refreshContent": true},
               "refreshInterval": 300,
               "relationshipMode": {"relationshipMode": [
                  1,
                  -1,
                  0
               ]},
               "resource": [],
               "selfProvider": {"selfProvider": true},
               "title": "Datastore Total Latency",
               "value": 0
            },
            "gridsterCoords": {
               "h": 9,
               "w": 4,
               "x": 9,
               "y": 10
            },
            "height": 495,
            "id": "cb4874f9-a538-4c88-b9d0-38c521142067",
            "states": [
               {
                  "key": "perm_HeatMap_widget_293c931e-c3cc-4da7-81e8-024276c1d5c9_cb4874f9-a538-4c88-b9d0-38c521142067",
                  "value": "o%3A"
               },
               {
                  "key": "perm_toolbarVisible_widget_293c931e-c3cc-4da7-81e8-024276c1d5c9_cb4874f9-a538-4c88-b9d0-38c521142067",
                  "value": "b%3A1"
               }
            ],
            "title": "Datastore Total Latency",
            "type": "Heatmap"
         },
         {
            "collapsed": false,
            "config": {
               "configs": [{
                  "attributeKind": {"value": ""},
                  "color": {"thresholds": {
                     "colors": [
                        "#00FF00",
                        "#FF9900",
                        "#FF0000"
                     ],
                     "values": [
                        0,
                        50,
                        100
                     ]
                  }},
                  "colorBy": {
                     "metricKey": "datastore|totalWriteLatency_average",
                     "value": "Datastore|Write Latency (ms)"
                  },
                  "filterMode": "tagPicker",
                  "focusOnGroups": true,
                  "groupBy": {
                     "id": "004null002006VMWAREDatacenter",
                     "originalText": "Datacenter",
                     "parentId": "VMWARE",
                     "parentText": "vCenter Adapter",
                     "text": "Datacenter",
                     "type": "resourceKind",
                     "typeId": "resourceKind:id:0_::_"
                  },
                  "mode": {"mode": false},
                  "name": "Write Latency",
                  "relationalGrouping": false,
                  "resourceKind": "resourceKind:id:1_::_",
                  "sizeBy": {
                     "metricKey": "capacity|total_capacity",
                     "value": "Capacity|Total Capacity (GB)"
                  },
                  "solidColoring": false,
                  "tagFilter": null,
                  "thenBy": null
               }],
               "depth": 10,
               "mode": "all",
               "refreshContent": {"refreshContent": true},
               "refreshInterval": 300,
               "relationshipMode": {"relationshipMode": [
                  1,
                  -1,
                  0
               ]},
               "resource": [],
               "selfProvider": {"selfProvider": true},
               "title": "Datastore Write Latency",
               "value": 0
            },
            "gridsterCoords": {
               "h": 9,
               "w": 4,
               "x": 5,
               "y": 10
            },
            "height": 495,
            "id": "522ccd55-1b3c-45ff-abdc-3cb34a46b3ef",
            "states": [
               {
                  "key": "perm_HeatMap_widget_293c931e-c3cc-4da7-81e8-024276c1d5c9_522ccd55-1b3c-45ff-abdc-3cb34a46b3ef",
                  "value": "o%3A"
               },
               {
                  "key": "perm_toolbarVisible_widget_293c931e-c3cc-4da7-81e8-024276c1d5c9_522ccd55-1b3c-45ff-abdc-3cb34a46b3ef",
                  "value": "b%3A1"
               }
            ],
            "title": "Datastore Write Latency",
            "type": "Heatmap"
         },
         {
            "collapsed": false,
            "config": {
               "configs": [{
                  "attributeKind": {"value": ""},
                  "color": {"thresholds": {
                     "colors": [
                        "#00FF00",
                        "#FFFF00",
                        "#FF0000"
                     ],
                     "values": [
                        0,
                        50,
                        100
                     ]
                  }},
                  "colorBy": {
                     "metricKey": "datastore|totalReadLatency_average",
                     "value": "Datastore|Read Latency (ms)"
                  },
                  "filterMode": "tagPicker",
                  "focusOnGroups": true,
                  "groupBy": {
                     "id": "004null002006VMWAREDatacenter",
                     "originalText": "Datacenter",
                     "parentId": "VMWARE",
                     "parentText": "vCenter Adapter",
                     "text": "Datacenter",
                     "type": "resourceKind",
                     "typeId": "resourceKind:id:0_::_"
                  },
                  "mode": {"mode": false},
                  "name": "Read Latency",
                  "relationalGrouping": false,
                  "resourceKind": "resourceKind:id:1_::_",
                  "sizeBy": {
                     "metricKey": "capacity|total_capacity",
                     "value": "Capacity|Total Capacity (GB)"
                  },
                  "solidColoring": false,
                  "tagFilter": null,
                  "thenBy": null
               }],
               "depth": 10,
               "mode": "all",
               "refreshContent": {"refreshContent": true},
               "refreshInterval": 300,
               "relationshipMode": {"relationshipMode": [
                  1,
                  -1,
                  0
               ]},
               "resource": [],
               "selfProvider": {"selfProvider": true},
               "title": "Datastore Read Latency",
               "value": 0
            },
            "gridsterCoords": {
               "h": 9,
               "w": 4,
               "x": 1,
               "y": 10
            },
            "height": 495,
            "id": "3d3bb8b3-c9e2-4774-a6e8-c00d62adb314",
            "states": [
               {
                  "key": "perm_HeatMap_widget_293c931e-c3cc-4da7-81e8-024276c1d5c9_3d3bb8b3-c9e2-4774-a6e8-c00d62adb314",
                  "value": "o%3A"
               },
               {
                  "key": "perm_toolbarVisible_widget_293c931e-c3cc-4da7-81e8-024276c1d5c9_3d3bb8b3-c9e2-4774-a6e8-c00d62adb314",
                  "value": "b%3A1"
               },
               {
                  "key": "permBtn_showTextBtn_perm_HeatMap_widget_293c931e-c3cc-4da7-81e8-024276c1d5c9_3d3bb8b3-c9e2-4774-a6e8-c00d62adb314",
                  "value": "b%3A1"
               },
               {
                  "key": "permBtn_zoomInBtn_perm_HeatMap_widget_293c931e-c3cc-4da7-81e8-024276c1d5c9_3d3bb8b3-c9e2-4774-a6e8-c00d62adb314",
                  "value": "b%3A0"
               }
            ],
            "title": "Datastore Read Latency",
            "type": "Heatmap"
         },
         {
            "collapsed": false,
            "config": {
               "additionalColumns": [
                  {
                     "boxLabel": "Read Latency (ms)",
                     "metricKey": "datastore|totalReadLatency_average",
                     "metricName": "Datastore|Read Latency (ms)",
                     "resourceKindId": "resourceKind:id:1_::_"
                  },
                  {
                     "boxLabel": "Write Latency (ms)",
                     "metricKey": "datastore|totalWriteLatency_average",
                     "metricName": "Datastore|Write Latency (ms)",
                     "resourceKindId": "resourceKind:id:1_::_"
                  },
                  {
                     "boxLabel": "Total Latency (ms)",
                     "metricKey": "datastore|totalLatency_average",
                     "metricName": "Datastore|Total Latency (ms)",
                     "resourceKindId": "resourceKind:id:1_::_"
                  },
                  {
                     "boxLabel": "Disk Capacity (GB)",
                     "metricKey": "summary|diskCapacity",
                     "metricName": "Summary|Disk Capacity (GB)",
                     "resourceKindId": "resourceKind:id:1_::_"
                  },
                  {
                     "boxLabel": "Datacenter",
                     "metricKey": "summary|parentDatacenter",
                     "metricName": "Summary|Parent Datacenter",
                     "resourceKindId": "resourceKind:id:1_::_"
                  },
                  {
                     "boxLabel": "vCenter",
                     "metricKey": "summary|parentVcenter",
                     "metricName": "Summary|Parent vCenter",
                     "resourceKindId": "resourceKind:id:1_::_"
                  },
                  {
                     "boxLabel": "Type",
                     "metricKey": "summary|type",
                     "metricName": "Summary|Type",
                     "resourceKindId": "resourceKind:id:1_::_"
                  }
               ],
               "customFilter": {
                  "excludedResources": null,
                  "filter": [],
                  "includedResources": null
               },
               "depth": 1,
               "filterMode": "tagPicker",
               "mode": "all",
               "refreshContent": {"refreshContent": true},
               "refreshInterval": 300,
               "relationshipMode": {"relationshipMode": [
                  1,
                  -1
               ]},
               "resource": [],
               "selectFirstRow": {"selectFirstRow": true},
               "selfProvider": {"selfProvider": true},
               "tagFilter": {
                  "path": ["/source/kind/kind:resourceKind:id:1_::_"],
                  "value": {
                     "adapterInstance": [],
                     "adapterKind": [],
                     "bus": [],
                     "collector": [],
                     "day": [],
                     "exclaim": false,
                     "healthRange": [],
                     "kind": ["resourceKind:id:1_::_"],
                     "maintenanceSchedule": [],
                     "state": [],
                     "status": [],
                     "tag": [],
                     "tier": []
                  }
               },
               "title": "Datastores"
            },
            "gridsterCoords": {
               "h": 9,
               "w": 6,
               "x": 1,
               "y": 1
            },
            "height": 495,
            "id": "640e0b76-f808-41a6-9ff8-f2c517995e72",
            "states": [{
               "key": "permResGrid_widget_293c931e-c3cc-4da7-81e8-024276c1d5c9_640e0b76-f808-41a6-9ff8-f2c517995e72",
               "value": "o%3Acolumns%3Da%253Ao%25253Aid%25253Ds%2525253Ah1%25255Ehidden%25253Db%2525253A1%25255Ewidth%25253Dn%2525253A100%255Eo%25253Aid%25253Ds%2525253Ah2%25255Ewidth%25253Dn%2525253A235.0546875%255Eo%25253Aid%25253Ds%2525253Ah3%25255Ehidden%25253Db%2525253A1%25255Ewidth%25253Dn%2525253A100%255Eo%25253Aid%25253Ds%2525253Ah4%25255Ehidden%25253Db%2525253A1%255Eo%25253Aid%25253Ds%2525253Ah5%25255Ehidden%25253Db%2525253A1%255Eo%25253Aid%25253Ds%2525253Ah6%25255Ehidden%25253Db%2525253A1%255Eo%25253Aid%25253Ds%2525253Ah7%25255Ehidden%25253Db%2525253A1%25255Ewidth%25253Dn%2525253A100%255Eo%25253Aid%25253Ds%2525253Ah8%25255Ehidden%25253Db%2525253A1%25255Ewidth%25253Dn%2525253A100%255Eo%25253Aid%25253Ds%2525253Ah9%25255Ehidden%25253Db%2525253A1%25255Ewidth%25253Dn%2525253A100%255Eo%25253Aid%25253Ds%2525253Ah10%25255Ehidden%25253Db%2525253A1%25255Ewidth%25253Dn%2525253A100%255Eo%25253Aid%25253Ds%2525253Ah11%25255Ehidden%25253Db%2525253A1%25255Ewidth%25253Dn%2525253A100%255Eo%25253Aid%25253Ds%2525253Ah12%25255Ehidden%25253Db%2525253A1%25255Ewidth%25253Dn%2525253A100%255Eo%25253Aid%25253Ds%2525253Ah13%25255Ehidden%25253Db%2525253A1%25255Ewidth%25253Dn%2525253A100%255Eo%25253Aid%25253Ds%2525253Ah14%25255Ehidden%25253Db%2525253A1%255Eo%25253Aid%25253Ds%2525253Ah15%25255Ehidden%25253Db%2525253A1%255Eo%25253Aid%25253Ds%2525253Ah16%25255Ehidden%25253Db%2525253A1%25255Ewidth%25253Dn%2525253A100%255Eo%25253Aid%25253Ds%2525253AresourceRating%25255Ehidden%25253Db%2525253A1%255Eo%25253Aid%25253Ds%2525253Ah18%25255Ehidden%25253Db%2525253A0%25255Ewidth%25253Dn%2525253A148.64453125%255Eo%25253Aid%25253Ds%2525253Ah19%25255Ehidden%25253Db%2525253A0%25255Ewidth%25253Dn%2525253A162.919921875%255Eo%25253Aid%25253Ds%2525253Ah20%25255Ehidden%25253Db%2525253A0%25255Ewidth%25253Dn%2525253A157.302734375%255Eo%25253Aid%25253Ds%2525253Ah21%25255Ehidden%25253Db%2525253A0%25255Ewidth%25253Dn%2525253A151%255Eo%25253Aid%25253Ds%2525253Ah22%25255Ehidden%25253Db%2525253A0%25255Ewidth%25253Dn%2525253A141.439453125%255Eo%25253Aid%25253Ds%2525253Ah23%25255Ehidden%25253Db%2525253A0%25255Ewidth%25253Dn%2525253A100%255Eo%25253Aid%25253Ds%2525253Ah24%25255Ehidden%25253Db%2525253A0%25255Ewidth%25253Dn%2525253A100%255Eo%25253Aid%25253Ds%2525253Ah25%25255Ehidden%25253Db%2525253A1%25255Ewidth%25253Dn%2525253A100%255Eo%25253Aid%25253Ds%2525253Ah26%25255Ehidden%25253Db%2525253A1%25255Ewidth%25253Dn%2525253A100%255Eo%25253Aid%25253Ds%2525253Ah27%25255Ehidden%25253Db%2525253A1%25255Ewidth%25253Dn%2525253A100%255Eo%25253Aid%25253Ds%2525253Ah28%25255Ehidden%25253Db%2525253A1%25255Ewidth%25253Dn%2525253A100%255Eo%25253Aid%25253Ds%2525253Ah29%25255Ehidden%25253Db%2525253A1%25255Ewidth%25253Dn%2525253A100%255Eo%25253Aid%25253Ds%2525253Ah30%25255Ehidden%25253Db%2525253A1%25255Ewidth%25253Dn%2525253A100%255Eo%25253Aid%25253Ds%2525253Ah31%25255Ehidden%25253Db%2525253A1%25255Ewidth%25253Dn%2525253A100%255Eo%25253Aid%25253Ds%2525253Ah32%25255Ehidden%25253Db%2525253A1%25255Ewidth%25253Dn%2525253A100%255Eo%25253Aid%25253Ds%2525253Ah33%25255Ehidden%25253Db%2525253A1%25255Ewidth%25253Dn%2525253A100%255Eo%25253Aid%25253Ds%2525253Ah34%25255Ehidden%25253Db%2525253A1%25255Ewidth%25253Dn%2525253A100%255Eo%25253Aid%25253Ds%2525253Ah35%25255Ehidden%25253Db%2525253A1%25255Ewidth%25253Dn%2525253A100%255Eo%25253Aid%25253Ds%2525253Ah36%25255Ehidden%25253Db%2525253A1%25255Ewidth%25253Dn%2525253A100%255Eo%25253Aid%25253Ds%2525253Ah37%25255Ehidden%25253Db%2525253A1%25255Ewidth%25253Dn%2525253A100%255Eo%25253Aid%25253Ds%2525253Ah38%25255Ehidden%25253Db%2525253A1%25255Ewidth%25253Dn%2525253A100%255Eo%25253Aid%25253Ds%2525253Ah39%25255Ehidden%25253Db%2525253A1%25255Ewidth%25253Dn%2525253A100%255Eo%25253Aid%25253Ds%2525253Ah40%25255Ehidden%25253Db%2525253A1%25255Ewidth%25253Dn%2525253A100%255Eo%25253Aid%25253Ds%2525253Ah41%25255Ehidden%25253Db%2525253A1%25255Ewidth%25253Dn%2525253A100%255Eo%25253Aid%25253Ds%2525253Ah42%25255Ehidden%25253Db%2525253A1%25255Ewidth%25253Dn%2525253A100%255Eo%25253Aid%25253Ds%2525253Ah43%25255Ehidden%25253Db%2525253A1%25255Ewidth%25253Dn%2525253A100%255Eo%25253Aid%25253Ds%2525253Ah44%25255Ehidden%25253Db%2525253A1%25255Ewidth%25253Dn%2525253A100%255Eo%25253Aid%25253Ds%2525253Ah45%25255Ehidden%25253Db%2525253A1%25255Ewidth%25253Dn%2525253A100%255Eo%25253Aid%25253Ds%2525253Ah46%25255Ehidden%25253Db%2525253A1%25255Ewidth%25253Dn%2525253A100%255Eo%25253Aid%25253Ds%2525253Ah47%25255Ehidden%25253Db%2525253A1%25255Ewidth%25253Dn%2525253A100%5EstoreState%3Do%253Asorters%253Da%25253Ao%2525253Aroot%2525253Ds%252525253Adata%2525255Eproperty%2525253Ds%252525253AmetricValue_%252525253A%252525253A_datastore%252525257CtotalLatency_average%2525255Edirection%2525253Ds%252525253ADESC%2525255Eid%2525253Ds%252525253AmetricValue_%252525253A%252525253A_datastore%252525257CtotalLatency_average"
            }],
            "title": "Datastores",
            "type": "ResourceList"
         },
         {
            "collapsed": false,
            "config": {
               "customFilter": {
                  "excludedResources": null,
                  "filter": [],
                  "includedResources": null
               },
               "depth": "1,2",
               "filterMode": "tagPicker",
               "refreshContent": {"refreshContent": true},
               "refreshInterval": 300,
               "resourceId": null,
               "resourceName": null,
               "selfProvider": {"selfProvider": false},
               "tagFilter": null,
               "title": "Advanced Object Relationship (for selected Datastore)",
               "traversalSpecId": ""
            },
            "gridsterCoords": {
               "h": 7,
               "w": 12,
               "x": 1,
               "y": 19
            },
            "height": 381,
            "id": "5b098b0d-5e99-4087-8579-1c021351fb73",
            "states": [
               {
                  "key": "perm_ResourceRelationshipTree_widget_293c931e-c3cc-4da7-81e8-024276c1d5c9_5b098b0d-5e99-4087-8579-1c021351fb73",
                  "value": "o%3A"
               },
               {
                  "key": "perm_toolbarVisible_widget_293c931e-c3cc-4da7-81e8-024276c1d5c9_5b098b0d-5e99-4087-8579-1c021351fb73",
                  "value": "b%3A1"
               },
               {
                  "key": "perm_viewerType_widget_293c931e-c3cc-4da7-81e8-024276c1d5c9_5b098b0d-5e99-4087-8579-1c021351fb73",
                  "value": "s%3ArelationshipTree"
               }
            ],
            "title": "Advanced Object Relationship (for selected Datastore)",
            "type": "ResourceRelationshipAdvanced"
         },
         {
            "collapsed": false,
            "config": {
               "chartViewItems": ["legend"],
               "isUpdatedView": true,
               "refreshContent": {"refreshContent": true},
               "refreshInterval": 300,
               "resource": {
                  "id": "Ext.vcops.chrome.model.Resource-2",
                  "resourceId": "resource:id:0_::_",
                  "resourceKindId": "002009ContainerFunction",
                  "resourceName": "All Datastores",
                  "traversalSpecId": ""
               },
               "selectFirstRow": {"selectFirstRow": false},
               "selfProvider": {"selfProvider": true},
               "title": "Datastore Total Latency",
               "traversalSpecId": null,
               "viewDefinitionId": "1ecb2bad-0783-49ce-be78-be7f90b8cd19"
            },
            "gridsterCoords": {
               "h": 9,
               "w": 6,
               "x": 7,
               "y": 1
            },
            "height": 495,
            "id": "9d941f20-ce9b-4d40-9e0b-7b602dfc762f",
            "states": [{
               "key": "perm_toolbarVisible_widget_293c931e-c3cc-4da7-81e8-024276c1d5c9_9d941f20-ce9b-4d40-9e0b-7b602dfc762f",
               "value": "b%3A0"
            }],
            "title": "Datastore Total Latency",
            "type": "View"
         }
      ]
   }],
   "entries": {
      "resource": [{
         "adapterKindKey": "Container",
         "identifiers": [],
         "internalId": "resource:id:0_::_",
         "name": "All Datastores",
         "resourceKindKey": "Function"
      }],
      "resourceKind": [
         {
            "adapterKindKey": "VMWARE",
            "internalId": "resourceKind:id:0_::_",
            "resourceKindKey": "Datacenter"
         },
         {
            "adapterKindKey": "VMWARE",
            "internalId": "resourceKind:id:1_::_",
            "resourceKindKey": "Datastore"
         }
      ]
   },
   "uuid": "1a7ad554-3f95-42e4-abf2-1f63e3a338be"
}